source_domain,source_url,email,email_type,phone,person_name,person_role,discovered_at_utc
fclbuilders.com,https://fclbuilders.com/,fcl-footer-logo@2x-1024x307.webp,other,1698093000,,,2026-03-01T19:10:05+00:00
fclbuilders.com,https://fclbuilders.com/,fcl-footer-logo@2x-900x270.webp,other,1698093000,,,2026-03-01T19:10:05+00:00
fclbuilders.com,https://fclbuilders.com/,fcl-footer-logo@2x.webp,other,1698093000,,,2026-03-01T19:10:05+00:00
fclbuilders.com,https://fclbuilders.com/we-are-fcl/,fcl-footer-logo@2x-1024x307.webp,other,1740072234,,,2026-03-01T19:10:07+00:00
fclbuilders.com,https://fclbuilders.com/we-are-fcl/,fcl-footer-logo@2x-900x270.webp,other,1740072234,,,2026-03-01T19:10:07+00:00
fclbuilders.com,https://fclbuilders.com/we-are-fcl/,fcl-footer-logo@2x.webp,other,1740072234,,,2026-03-01T19:10:07+00:00
fclbuilders.com,https://fclbuilders.com/we-are-fcl/who-we-are/,fcl-footer-logo@2x-1024x307.webp,other,1740072234,,,2026-03-01T19:10:09+00:00
fclbuilders.com,https://fclbuilders.com/we-are-fcl/who-we-are/,fcl-footer-logo@2x-900x270.webp,other,1740072234,,,2026-03-01T19:10:09+00:00
fclbuilders.com,https://fclbuilders.com/we-are-fcl/who-we-are/,fcl-footer-logo@2x.webp,other,1740072234,,,2026-03-01T19:10:09+00:00
ujamaaconstruction.com,https://ujamaaconstruction.com/,info@ujamaaconstruction.com,role_inbox,0 0 512 512,,,2026-03-01T19:10:24+00:00
ujamaaconstruction.com,https://ujamaaconstruction.com/#content,info@ujamaaconstruction.com,role_inbox,0 0 512 512,,,2026-03-01T19:10:27+00:00
ujamaaconstruction.com,https://ujamaaconstruction.com/projects/institutional/,info@ujamaaconstruction.com,role_inbox,098039215686275 1,,,2026-03-01T19:10:29+00:00
